<?xml version="1.0" encoding="UTF-8"?>
<beans xmlns="http://www.springframework.org/schema/beans"
	xmlns:xsi="http://www.w3.org/2001/XMLSchema-instance"
	xmlns:mybatis-spring="http://mybatis.org/schema/mybatis-spring"
	xmlns:context="http://www.springframework.org/schema/context"
	xsi:schemaLocation="http://mybatis.org/schema/mybatis-spring http://mybatis.org/schema/mybatis-spring-1.2.xsd
		http://www.springframework.org/schema/beans https://www.springframework.org/schema/beans/spring-beans.xsd
		http://www.springframework.org/schema/context http://www.springframework.org/schema/context/spring-context-4.3.xsd">
	
	<!-- Root Context: defines shared resources visible to all other web components -->
	
	<!-- log4 추가 전 -->
	<!-- 	
	<bean id="hikariConfig" class="com.zaxxer.hikari.HikariConfig"> 
        <property name="driverClassName" value="com.mysql.cj.jdbc.Driver"></property> 
        <property name="jdbcUrl" value="jdbc:mysql://localhost:3306/fs?serverTimezone=Asia/Seoul"></property> 
        <property name="username" value="root"></property> 
        <property name="password" value="1234"></property> 
    </bean>  
    -->
    
    <!-- log4 추가 후 -->
    	<bean id="hikariConfig" class="com.zaxxer.hikari.HikariConfig">
		<property name="driverClassName" value="net.sf.log4jdbc.sql.jdbcapi.DriverSpy"></property>
		<property name="jdbcUrl" value="jdbc:log4jdbc:mysql://localhost:3306/fs?serverTimezone=Asia/Seoul"></property>
		<property name="username" value="root"></property>
		<property name="password" value="1234"></property>
	</bean>
    
    <bean id="datasource" class="com.zaxxer.hikari.HikariDataSource" destroy-method="close"> 
        <constructor-arg ref="hikariConfig"></constructor-arg> 
    </bean>
    
    <bean id="sqlSessionFactory" class="org.mybatis.spring.SqlSessionFactoryBean">
        <property name="dataSource" ref="datasource"></property>
        <property name="configLocation" value="classpath:/mybatis-config.xml"></property>
        <property name="mapperLocations" value="classpath:mapper/**/*Mapper.xml"></property>   
    </bean>
    
    <!-- SQLSessionTemplate설정하기 DAO인터페이스를 만들었기때문에 Mybatis에서 DAO인터페이스를 구현하기위해서 필요한작업 -->
    <bean id="sqlSession" class="org.mybatis.spring.SqlSessionTemplate" destroy-method="clearCache">
        <constructor-arg name="sqlSessionFactory" ref="sqlSessionFactory"></constructor-arg>   
    </bean>
    
    <mybatis-spring:scan base-package="com.fs.mapper"/>
    <context:component-scan base-package="com.fs.vo"></context:component-scan>
    <context:component-scan base-package="com.fs.dao"></context:component-scan>
    <context:component-scan base-package="com.fs.service"></context:component-scan>
		
</beans>
